{"count": 33, "results": [{"id": 2, "name": "Software Access?", "description": "What page do you need to visit to register and gain access to the Community Edition of Maltego?", "max_attempts": 0, "value": 1, "category": "Maltego Setup", "type": "standard", "state": "visible", "requirements": null}, {"id": 3, "name": "Versions", "description": "When visiting the Maltego website, determine how many versions there of the Maltego client and server?\r\nConcatenate these numbers i.e. ##", "max_attempts": 0, "value": 2, "category": "Maltego Setup", "type": "standard", "state": "hidden", "requirements": null}, {"id": 4, "name": "Intro 1", "description": "What Maltego \"entity\" type is the root node in the example graph?", "max_attempts": 0, "value": 2, "category": "Maltego Intro", "type": "standard", "state": "visible", "requirements": {"prerequisites": [11]}}, {"id": 5, "name": "Intro 2", "description": "What transform was used on the phrase entity \"maltego\"?", "max_attempts": 0, "value": 5, "category": "Maltego Intro", "type": "standard", "state": "hidden", "requirements": {"prerequisites": [11]}}, {"id": 6, "name": "Intro 3", "description": "What was the most \"interesting\" result returned from the transform used on the phrase \"maltego\"?", "max_attempts": 0, "value": 5, "category": "Maltego Intro", "type": "standard", "state": "hidden", "requirements": {"prerequisites": [11]}}, {"id": 7, "name": "Intro 4", "description": "What term does Maltego use to describe multiple transforms chained together?", "max_attempts": 0, "value": 5, "category": "Maltego Intro", "type": "standard", "state": "hidden", "requirements": {"prerequisites": [11]}}, {"id": 8, "name": "Intro 5", "description": "Can you find how many entities are along the shortest path between Helsinki and Cambridge (inclusive)? Holding shift helps selecting multiple entities...", "max_attempts": 0, "value": 5, "category": "Maltego Intro", "type": "standard", "state": "visible", "requirements": {"prerequisites": [11]}}, {"id": 9, "name": "Intro 6", "description": "Run a new transform on the website entity for \"www.maltego.com\" to retrieve email addresses. What personal email do you find?", "max_attempts": 0, "value": 5, "category": "Maltego Intro", "type": "standard", "state": "visible", "requirements": {"prerequisites": [11]}}, {"id": 10, "name": "Intro 7", "description": "From what web page did maltego discover this email?", "max_attempts": 0, "value": 5, "category": "Maltego Intro", "type": "standard", "state": "visible", "requirements": {"prerequisites": [11]}}, {"id": 11, "name": "Intro 0", "description": "Find and open the example graph provided in Maltego. Under what sub-menu is it located?", "max_attempts": 0, "value": 5, "category": "Maltego Intro", "type": "standard", "state": "visible", "requirements": {"prerequisites": [2]}}, {"id": 12, "name": "Transform 0", "description": "What command did you execute to install Paterva's transform library?", "max_attempts": 0, "value": 10, "category": "Maltego Transform", "type": "standard", "state": "visible", "requirements": {"prerequisites": [2]}}, {"id": 13, "name": "Transform 1", "description": "What are the input and output entities to the example transform? Submit them as inputoutput. (no space)", "max_attempts": 0, "value": 5, "category": "Maltego Transform", "type": "standard", "state": "visible", "requirements": {"prerequisites": [12]}}, {"id": 14, "name": "Transform 2", "description": "What are the correct parameters needed to use the example transform within Maltego?", "max_attempts": 0, "value": 5, "category": "Maltego Transform", "type": "standard", "state": "visible", "requirements": {"prerequisites": [12]}}, {"id": 15, "name": "Harvesting Connections", "description": "Can you use theharvester to search LinkedIn for information about Tesla? The flag is the command (and flags) you used for that search. (Find the simplest command to accomplish this)", "max_attempts": 0, "value": 10, "category": "Information Gathering", "type": "standard", "state": "visible", "requirements": null}, {"id": 16, "name": "Metagoofy", "description": "What search engine does metagoofil use to gather files?", "max_attempts": 0, "value": 5, "category": "Information Gathering", "type": "standard", "state": "visible", "requirements": null}, {"id": 17, "name": "Forgotten Files", "description": "Who forgot their presentation on the public foswiki sandbox for all to see?\r\n", "max_attempts": 0, "value": 10, "category": "Information Gathering", "type": "standard", "state": "visible", "requirements": {"prerequisites": [16]}}, {"id": 18, "name": "Transform 3", "description": "If you run the imported example transform on the default person entity, what output do you get?", "max_attempts": 0, "value": 10, "category": "Maltego Transform", "type": "standard", "state": "visible", "requirements": {"prerequisites": [12]}}, {"id": 19, "name": "Unhelpful Desk", "description": "Someone got lazy about setting the password for the \"helpdesk\" employee account. The flag is the name of the log file in that account.\r\n ", "max_attempts": 0, "value": 5, "category": "Corporate Hacking", "type": "standard", "state": "visible", "requirements": {"prerequisites": [28]}}, {"id": 20, "name": "Welcome intern", "description": "There's a new eager intern at Tesla and he's sending his boss a lot of emails! The flag is his email address.\r\n\r\n", "max_attempts": 0, "value": 5, "category": "Corporate Hacking", "type": "standard", "state": "visible", "requirements": null}, {"id": 21, "name": "MVP", "description": "The csv you found in the IT helpdesk's account contains a lot of email traffic organized as (sender@domain.com, receiver@domain.com) email pairs on each new line. Import the csv into Maltego and perform some analysis on the data.\r\n\r\nWhich email receives the most traffic?", "max_attempts": 0, "value": 10, "category": "Corporate Hacking", "type": "standard", "state": "visible", "requirements": {"prerequisites": [19]}}, {"id": 22, "name": "Incoming", "description": "How many incoming emails does the CFO have?", "max_attempts": 0, "value": 10, "category": "Corporate Hacking", "type": "standard", "state": "visible", "requirements": {"prerequisites": [21]}}, {"id": 23, "name": "Which Musk", "description": "There isn't only one Musk at Tesla. The flag is the email address of the other Musk to whom Elon frequently sends emails.", "max_attempts": 0, "value": 10, "category": "Corporate Hacking", "type": "standard", "state": "visible", "requirements": {"prerequisites": [21]}}, {"id": 24, "name": "Breach", "description": "You found the attached breach compilation on the dark web. See if you can use h8mail to match any of the emails in contacts.txt with information in the breach file.\r\n\r\nThe flag is the email of the executive that has a match in the breach file.", "max_attempts": 0, "value": 20, "category": "Corporate Hacking", "type": "standard", "state": "visible", "requirements": {"prerequisites": [25]}}, {"id": 25, "name": "Contacts", "description": "The intern likes networking and is storing a neatly formatted list of internal emails in his account. The flag is the name of the file containing the emails.", "max_attempts": 0, "value": 10, "category": "Corporate Hacking", "type": "standard", "state": "visible", "requirements": {"prerequisites": [20]}}, {"id": 26, "name": "More h8", "description": "One of the breached accounts is skim@tesla.com.\r\nWhat is the position of this person on our corporate page?", "max_attempts": 0, "value": 5, "category": "Corporate Hacking", "type": "standard", "state": "visible", "requirements": {"prerequisites": [25]}}, {"id": 27, "name": "Family comes first", "description": "What is Sally Kim's password?", "max_attempts": 0, "value": 10, "category": "Corporate Hacking", "type": "standard", "state": "visible", "requirements": {"prerequisites": [26]}}, {"id": 28, "name": "Help Desk", "description": "Which email should you contact if you need help with our corporate Tesla page?", "max_attempts": 0, "value": 5, "category": "Corporate Hacking", "type": "standard", "state": "visible", "requirements": null}, {"id": 29, "name": "Forget Me Not", "description": "What text appears when you enter the incorrect login information?", "max_attempts": 0, "value": 5, "category": "Corporate Hacking", "type": "standard", "state": "visible", "requirements": null}, {"id": 30, "name": "More Vulnerabilites?", "description": "Using \"Have I been Pwned?\" from Maltego's transform hub, what site breach was the CEO's email exposed in?\r\n\r\nNote: to install \"Have I been Pwned?\" navigate to the Home tab in Maltego and click install on the appropriate transform.", "max_attempts": 0, "value": 20, "category": "Corporate Hacking", "type": "standard", "state": "visible", "requirements": null}, {"id": 31, "name": "Compromised", "description": "Looking at Elon and his direct contacts, who among them was was in the most breaches?", "max_attempts": 0, "value": 25, "category": "Corporate Hacking", "type": "standard", "state": "visible", "requirements": {"prerequisites": [30]}}, {"id": 32, "name": "Custom Transform", "description": "Following the same pattern as the earlier maltego-trx transforms, download the attached custom transform. Modify the transform code so that it reads the csv downloaded from the website. Try running it on the CEO's email address. Can you see the CEO's connections?\r\n\r\nThe flag is the name of the default file the transform is using...", "max_attempts": 0, "value": 20, "category": "Corporate Hacking", "type": "standard", "state": "visible", "requirements": {"prerequisites": [19]}}, {"id": 33, "name": "Harvesting", "description": "Take a look at the attached Maltego custom transform. \r\n\r\nWhat tool is the transform using to search the web for email addresses?", "max_attempts": 0, "value": 5, "category": "Maltego Transform", "type": "standard", "state": "visible", "requirements": {"prerequisites": [12]}}, {"id": 34, "name": "More Harvesting", "description": "Create a domain entity in Maltego for \"bu.edu\". Run the Harvest.py transform on that entity.\r\n\r\nCan you modify the transform to use Baidu as an additional source?\r\n\r\nThe flag is the name of the list variable you have to modify to add additional sources.", "max_attempts": 0, "value": 15, "category": "Maltego Transform", "type": "standard", "state": "visible", "requirements": {"prerequisites": [33]}}], "meta": {}}