{"count": 48, "results": [{"id": 2, "challenge_id": 2, "type": "static", "content": "%OSINT{\"https://www.paterva.com/community/community.php\"}%", "data": "case_insensitive"}, {"id": 3, "challenge_id": 3, "type": "static", "content": "%OSINT{\"43\"}%", "data": "case_insensitive"}, {"id": 4, "challenge_id": 4, "type": "static", "content": "%OSINT{\"Domain\"}%", "data": "case_insensitive"}, {"id": 5, "challenge_id": 5, "type": "static", "content": "%OSINT{\"To Website [using Search Engine]\"}%", "data": "case_insensitive"}, {"id": 7, "challenge_id": 6, "type": "static", "content": "%OSINT{\"docs.maltego.com\"}%", "data": "case_insensitive"}, {"id": 8, "challenge_id": 7, "type": "static", "content": "%OSINT{\"machines\"}%", "data": "case_insensitive"}, {"id": 9, "challenge_id": 8, "type": "static", "content": "%OSINT{\"9\"}%", "data": null}, {"id": 10, "challenge_id": 8, "type": "static", "content": "%OSINT{\"nine\"}%", "data": "case_insensitive"}, {"id": 11, "challenge_id": 9, "type": "static", "content": "%OSINT{\"howard.johnson@mail.com\"}%", "data": null}, {"id": 13, "challenge_id": 11, "type": "static", "content": "%OSINT{\"Tools\"}%", "data": "case_insensitive"}, {"id": 14, "challenge_id": 7, "type": "static", "content": "%OSINT{\"machine\"}%", "data": "case_insensitive"}, {"id": 15, "challenge_id": 5, "type": "static", "content": "%OSINT{\"To Website Using Search Engine\"}%", "data": "case_insensitive"}, {"id": 18, "challenge_id": 12, "type": "static", "content": "%OSINT{\"pip3 install maltego-trx\"}%", "data": null}, {"id": 19, "challenge_id": 12, "type": "static", "content": "%OSINT{\"pip install maltego-trx\"}%", "data": ""}, {"id": 20, "challenge_id": 13, "type": "static", "content": "%OSINT{\"personphrase\"}%", "data": "case_insensitive"}, {"id": 21, "challenge_id": 14, "type": "static", "content": "%OSINT{\"project.py local GreetPerson\"}%", "data": null}, {"id": 22, "challenge_id": 15, "type": "static", "content": "%OSINT{\"theharvester -d tesla.com -b linkedin\"}%", "data": "case_insensitive"}, {"id": 23, "challenge_id": 16, "type": "static", "content": "%OSINT{\"google\"}%", "data": "case_insensitive"}, {"id": 24, "challenge_id": 17, "type": "static", "content": "%OSINT{\"Group5\"}%", "data": "case_insensitive"}, {"id": 26, "challenge_id": 18, "type": "static", "content": "%OSINT{\"Hi John Doe, nice to meet you!\"}%", "data": null}, {"id": 27, "challenge_id": 19, "type": "static", "content": "%OSINT{\"internal_email_log_nov_2019.csv\"}%", "data": null}, {"id": 28, "challenge_id": 20, "type": "static", "content": "%OSINT{\"kpeterson@tesla.com\"}%", "data": "case_insensitive"}, {"id": 29, "challenge_id": 21, "type": "static", "content": "%OSINT{\"helpdesk@tesla.com\"}%", "data": "case_insensitive"}, {"id": 30, "challenge_id": 22, "type": "static", "content": "%OSINT{\"660\"}%", "data": null}, {"id": 31, "challenge_id": 23, "type": "static", "content": "%OSINT{\"kmusk@tesla.com\"}%", "data": "case_insensitive"}, {"id": 32, "challenge_id": 24, "type": "static", "content": "%OSINT{\"jguillen@tesla.com\"}%", "data": null}, {"id": 33, "challenge_id": 25, "type": "static", "content": "%OSINT{\"contacts.txt\"}%", "data": "case_insensitive"}, {"id": 34, "challenge_id": 27, "type": "static", "content": "%OSINT{\"iluvmy3kids\"}%", "data": null}, {"id": 35, "challenge_id": 26, "type": "static", "content": "%OSINT{\"HR Manager\"}%", "data": "case_insensitive"}, {"id": 36, "challenge_id": 28, "type": "static", "content": "%OSINT{\"helpdesk@tesla.com\"}%", "data": "case_insensitive"}, {"id": 37, "challenge_id": 29, "type": "static", "content": "%OSINT{\"Forgot your password?\"}%", "data": "case_insensitive"}, {"id": 38, "challenge_id": 2, "type": "static", "content": "%OSINT{\"www.paterva.com/community/community.php\"}%", "data": "case_insensitive"}, {"id": 39, "challenge_id": 2, "type": "static", "content": "%OSINT{\"paterva.com/community/community.php\"}%", "data": "case_insensitive"}, {"id": 40, "challenge_id": 6, "type": "static", "content": "%OSINT{\"https://docs.maltego.com/support/home\"}%", "data": "case_insensitive"}, {"id": 41, "challenge_id": 6, "type": "static", "content": "%OSINT{\"https://docs.maltego.com\"}%", "data": "case_insensitive"}, {"id": 46, "challenge_id": 30, "type": "static", "content": "%OSINT{\"adapt.io\"}%", "data": "case_insensitive"}, {"id": 47, "challenge_id": 31, "type": "static", "content": "%OSINT{\"kmusk@tesla.com\"}%", "data": "case_insensitive"}, {"id": 48, "challenge_id": 32, "type": "static", "content": "%OSINT{\"email_to_email.csv\"}%", "data": "case_insensitive"}, {"id": 49, "challenge_id": 33, "type": "static", "content": "%OSINT{\"theharvester\"}%", "data": "case_insensitive"}, {"id": 50, "challenge_id": 34, "type": "static", "content": "%OSINT{\"sources\"}%", "data": "case_insensitive"}, {"id": 51, "challenge_id": 2, "type": "static", "content": "%OSINT{\"https://paterva.com/community/community.php\"}%", "data": "case_insensitive"}, {"id": 52, "challenge_id": 15, "type": "static", "content": "%OSINT{\"theharvester -d tesla -b linkedin\"}%", "data": "case_insensitive"}, {"id": 57, "challenge_id": 10, "type": "regex", "content": "%OSINT{\"www.maltego.com/partner-signup\"}%", "data": "case_insensitive"}, {"id": 58, "challenge_id": 10, "type": "regex", "content": "%OSINT{\"www.maltego.com/ce-password-reset-request\"}%", "data": "case_insensitive"}, {"id": 59, "challenge_id": 10, "type": "regex", "content": "%OSINT{\"www.maltego.com/ce-registration\"}%", "data": "case_insensitive"}, {"id": 60, "challenge_id": 10, "type": "static", "content": "%OSINT{\"https://www.maltego.com/partner-signup/\"}%", "data": "case_insensitive"}, {"id": 61, "challenge_id": 10, "type": "static", "content": "%OSINT{\"https://www.maltego.com/ce-password-reset-request/\"}%", "data": "case_insensitive"}, {"id": 62, "challenge_id": 10, "type": "static", "content": "%OSINT{\"https://www.maltego.com/ce-registration/\"}%", "data": "case_insensitive"}], "meta": {}}