{"count": 24, "results": [{"id": 2, "type": "standard", "challenge_id": 4, "content": "Where does Maltego provide details about the currently selected node?", "cost": 0, "requirements": null}, {"id": 3, "type": "standard", "challenge_id": 6, "content": "Looking at details, consider weight, which is returned by some transforms...", "cost": 0, "requirements": null}, {"id": 4, "type": "standard", "challenge_id": 11, "content": "Consider the main menu...", "cost": 0, "requirements": null}, {"id": 5, "type": "standard", "challenge_id": 5, "content": "Zooming out on the graph can reveal a useful legend of the entities.", "cost": 0, "requirements": null}, {"id": 6, "type": "standard", "challenge_id": 5, "content": "The child nodes of the phrase entity may reveal how they were created...", "cost": 0, "requirements": null}, {"id": 7, "type": "standard", "challenge_id": 8, "content": "The investigate tab has some useful tools...\r\nMaybe \"add path\"...", "cost": 0, "requirements": null}, {"id": 8, "type": "standard", "challenge_id": 9, "content": "The transform may not run directly on the site we want. Look carefully at what the transform is called. (mirror...)", "cost": 0, "requirements": null}, {"id": 9, "type": "standard", "challenge_id": 10, "content": "Try to be \"detail\" oriented.", "cost": 0, "requirements": null}, {"id": 10, "type": "standard", "challenge_id": 17, "content": "metagoofil is your friend", "cost": 0, "requirements": null}, {"id": 11, "type": "standard", "challenge_id": 17, "content": "metagoofil -d algorithmics.bu.edu -t pdf -l 100 -o foswiki", "cost": 1, "requirements": null}, {"id": 12, "type": "standard", "challenge_id": 14, "content": "What parameters did you set when you imported the function as a transform?", "cost": 3, "requirements": null}, {"id": 13, "type": "standard", "challenge_id": 18, "content": "Drag in a new entity from the entity pallet!", "cost": 2, "requirements": null}, {"id": 14, "type": "standard", "challenge_id": 22, "content": "You can click on an Entity in Maltego to view more information or you can use the list view to look at the data in tabular form and sort by various properties", "cost": 0, "requirements": null}, {"id": 15, "type": "standard", "challenge_id": 24, "content": "use the -sk flag with h8mail to make the search faster", "cost": 0, "requirements": null}, {"id": 16, "type": "standard", "challenge_id": 24, "content": "you want to use h8mail with the 'local' breach file option", "cost": 0, "requirements": null}, {"id": 17, "type": "standard", "challenge_id": 23, "content": "You can use the Quick Find feature under the Investigate tab in Maltego to search for a particular person.", "cost": 0, "requirements": null}, {"id": 18, "type": "standard", "challenge_id": 25, "content": "The intern forgets his password often", "cost": 0, "requirements": null}, {"id": 19, "type": "standard", "challenge_id": 25, "content": "Mr Tesla likes to brag about his cars. Check out some of the pictures on his personal page. ", "cost": 0, "requirements": null}, {"id": 20, "type": "standard", "challenge_id": 27, "content": "Try using john on the hash you got from the breach file", "cost": 0, "requirements": null}, {"id": 21, "type": "standard", "challenge_id": 21, "content": "You'll want to unselect \"Merge Same Links\" when you import the csv into Maltego", "cost": 0, "requirements": null}, {"id": 22, "type": "standard", "challenge_id": 19, "content": "If you don't know what the password is, maybe try guessing and see what happens?", "cost": 0, "requirements": null}, {"id": 23, "type": "standard", "challenge_id": 19, "content": "Can you reset the password?", "cost": 0, "requirements": null}, {"id": 24, "type": "standard", "challenge_id": 12, "content": "This is the official transform library: https://github.com/paterva/maltego-trx", "cost": 0, "requirements": null}, {"id": 25, "type": "standard", "challenge_id": 30, "content": "There are some tools in the investigate tab that can make selection of the right entities easy...", "cost": 0, "requirements": null}], "meta": {}}