{"count": 139, "results": [{"id": 47, "challenge_id": 2, "user_id": 14, "team_id": null}, {"id": 48, "challenge_id": 2, "user_id": 13, "team_id": null}, {"id": 49, "challenge_id": 2, "user_id": 9, "team_id": null}, {"id": 53, "challenge_id": 2, "user_id": 11, "team_id": null}, {"id": 54, "challenge_id": 16, "user_id": 14, "team_id": null}, {"id": 55, "challenge_id": 16, "user_id": 9, "team_id": null}, {"id": 58, "challenge_id": 16, "user_id": 11, "team_id": null}, {"id": 61, "challenge_id": 11, "user_id": 9, "team_id": null}, {"id": 63, "challenge_id": 16, "user_id": 6, "team_id": null}, {"id": 68, "challenge_id": 2, "user_id": 6, "team_id": null}, {"id": 69, "challenge_id": 16, "user_id": 12, "team_id": null}, {"id": 70, "challenge_id": 11, "user_id": 13, "team_id": null}, {"id": 71, "challenge_id": 2, "user_id": 16, "team_id": null}, {"id": 72, "challenge_id": 2, "user_id": 8, "team_id": null}, {"id": 73, "challenge_id": 4, "user_id": 13, "team_id": null}, {"id": 75, "challenge_id": 16, "user_id": 17, "team_id": null}, {"id": 80, "challenge_id": 11, "user_id": 8, "team_id": null}, {"id": 81, "challenge_id": 4, "user_id": 9, "team_id": null}, {"id": 82, "challenge_id": 2, "user_id": 18, "team_id": null}, {"id": 84, "challenge_id": 8, "user_id": 9, "team_id": null}, {"id": 85, "challenge_id": 2, "user_id": 7, "team_id": null}, {"id": 86, "challenge_id": 9, "user_id": 9, "team_id": null}, {"id": 88, "challenge_id": 2, "user_id": 12, "team_id": null}, {"id": 93, "challenge_id": 2, "user_id": 25, "team_id": null}, {"id": 95, "challenge_id": 2, "user_id": 26, "team_id": null}, {"id": 96, "challenge_id": 10, "user_id": 9, "team_id": null}, {"id": 97, "challenge_id": 2, "user_id": 21, "team_id": null}, {"id": 98, "challenge_id": 4, "user_id": 8, "team_id": null}, {"id": 99, "challenge_id": 2, "user_id": 24, "team_id": null}, {"id": 102, "challenge_id": 2, "user_id": 10, "team_id": null}, {"id": 106, "challenge_id": 16, "user_id": 25, "team_id": null}, {"id": 107, "challenge_id": 8, "user_id": 8, "team_id": null}, {"id": 108, "challenge_id": 2, "user_id": 22, "team_id": null}, {"id": 111, "challenge_id": 2, "user_id": 19, "team_id": null}, {"id": 113, "challenge_id": 16, "user_id": 22, "team_id": null}, {"id": 116, "challenge_id": 2, "user_id": 27, "team_id": null}, {"id": 117, "challenge_id": 2, "user_id": 20, "team_id": null}, {"id": 118, "challenge_id": 2, "user_id": 23, "team_id": null}, {"id": 121, "challenge_id": 9, "user_id": 8, "team_id": null}, {"id": 124, "challenge_id": 28, "user_id": 14, "team_id": null}, {"id": 127, "challenge_id": 17, "user_id": 9, "team_id": null}, {"id": 129, "challenge_id": 11, "user_id": 12, "team_id": null}, {"id": 140, "challenge_id": 11, "user_id": 25, "team_id": null}, {"id": 141, "challenge_id": 4, "user_id": 12, "team_id": null}, {"id": 145, "challenge_id": 20, "user_id": 6, "team_id": null}, {"id": 146, "challenge_id": 4, "user_id": 25, "team_id": null}, {"id": 147, "challenge_id": 19, "user_id": 14, "team_id": null}, {"id": 148, "challenge_id": 12, "user_id": 22, "team_id": null}, {"id": 150, "challenge_id": 16, "user_id": 8, "team_id": null}, {"id": 151, "challenge_id": 28, "user_id": 6, "team_id": null}, {"id": 152, "challenge_id": 16, "user_id": 27, "team_id": null}, {"id": 154, "challenge_id": 29, "user_id": 14, "team_id": null}, {"id": 155, "challenge_id": 11, "user_id": 20, "team_id": null}, {"id": 156, "challenge_id": 12, "user_id": 8, "team_id": null}, {"id": 157, "challenge_id": 19, "user_id": 6, "team_id": null}, {"id": 158, "challenge_id": 16, "user_id": 26, "team_id": null}, {"id": 160, "challenge_id": 11, "user_id": 21, "team_id": null}, {"id": 161, "challenge_id": 4, "user_id": 20, "team_id": null}, {"id": 164, "challenge_id": 11, "user_id": 16, "team_id": null}, {"id": 166, "challenge_id": 12, "user_id": 16, "team_id": null}, {"id": 167, "challenge_id": 20, "user_id": 9, "team_id": null}, {"id": 168, "challenge_id": 4, "user_id": 21, "team_id": null}, {"id": 169, "challenge_id": 11, "user_id": 18, "team_id": null}, {"id": 171, "challenge_id": 16, "user_id": 7, "team_id": null}, {"id": 172, "challenge_id": 8, "user_id": 12, "team_id": null}, {"id": 175, "challenge_id": 28, "user_id": 9, "team_id": null}, {"id": 176, "challenge_id": 4, "user_id": 16, "team_id": null}, {"id": 177, "challenge_id": 11, "user_id": 23, "team_id": null}, {"id": 179, "challenge_id": 11, "user_id": 10, "team_id": null}, {"id": 181, "challenge_id": 8, "user_id": 25, "team_id": null}, {"id": 184, "challenge_id": 11, "user_id": 24, "team_id": null}, {"id": 185, "challenge_id": 4, "user_id": 23, "team_id": null}, {"id": 186, "challenge_id": 15, "user_id": 8, "team_id": null}, {"id": 187, "challenge_id": 8, "user_id": 20, "team_id": null}, {"id": 189, "challenge_id": 29, "user_id": 9, "team_id": null}, {"id": 192, "challenge_id": 2, "user_id": 15, "team_id": null}, {"id": 197, "challenge_id": 8, "user_id": 23, "team_id": null}, {"id": 203, "challenge_id": 11, "user_id": 11, "team_id": null}, {"id": 206, "challenge_id": 16, "user_id": 19, "team_id": null}, {"id": 211, "challenge_id": 4, "user_id": 24, "team_id": null}, {"id": 212, "challenge_id": 4, "user_id": 11, "team_id": null}, {"id": 213, "challenge_id": 16, "user_id": 16, "team_id": null}, {"id": 217, "challenge_id": 11, "user_id": 27, "team_id": null}, {"id": 223, "challenge_id": 12, "user_id": 13, "team_id": null}, {"id": 226, "challenge_id": 8, "user_id": 11, "team_id": null}, {"id": 231, "challenge_id": 16, "user_id": 13, "team_id": null}, {"id": 234, "challenge_id": 15, "user_id": 22, "team_id": null}, {"id": 235, "challenge_id": 21, "user_id": 6, "team_id": null}, {"id": 238, "challenge_id": 2, "user_id": 30, "team_id": null}, {"id": 242, "challenge_id": 9, "user_id": 25, "team_id": null}, {"id": 245, "challenge_id": 16, "user_id": 21, "team_id": null}, {"id": 247, "challenge_id": 11, "user_id": 22, "team_id": null}, {"id": 250, "challenge_id": 8, "user_id": 24, "team_id": null}, {"id": 251, "challenge_id": 11, "user_id": 15, "team_id": null}, {"id": 255, "challenge_id": 20, "user_id": 23, "team_id": null}, {"id": 259, "challenge_id": 8, "user_id": 13, "team_id": null}, {"id": 263, "challenge_id": 4, "user_id": 27, "team_id": null}, {"id": 265, "challenge_id": 8, "user_id": 21, "team_id": null}, {"id": 270, "challenge_id": 28, "user_id": 23, "team_id": null}, {"id": 271, "challenge_id": 23, "user_id": 6, "team_id": null}, {"id": 285, "challenge_id": 22, "user_id": 6, "team_id": null}, {"id": 286, "challenge_id": 16, "user_id": 20, "team_id": null}, {"id": 287, "challenge_id": 15, "user_id": 19, "team_id": null}, {"id": 288, "challenge_id": 15, "user_id": 9, "team_id": null}, {"id": 290, "challenge_id": 10, "user_id": 25, "team_id": null}, {"id": 295, "challenge_id": 8, "user_id": 27, "team_id": null}, {"id": 297, "challenge_id": 29, "user_id": 23, "team_id": null}, {"id": 303, "challenge_id": 15, "user_id": 7, "team_id": null}, {"id": 304, "challenge_id": 13, "user_id": 8, "team_id": null}, {"id": 310, "challenge_id": 28, "user_id": 8, "team_id": null}, {"id": 312, "challenge_id": 29, "user_id": 8, "team_id": null}, {"id": 314, "challenge_id": 19, "user_id": 8, "team_id": null}, {"id": 315, "challenge_id": 20, "user_id": 8, "team_id": null}, {"id": 316, "challenge_id": 25, "user_id": 8, "team_id": null}, {"id": 317, "challenge_id": 26, "user_id": 8, "team_id": null}, {"id": 339, "challenge_id": 10, "user_id": 8, "team_id": null}, {"id": 340, "challenge_id": 11, "user_id": 19, "team_id": null}, {"id": 341, "challenge_id": 4, "user_id": 19, "team_id": null}, {"id": 342, "challenge_id": 8, "user_id": 19, "team_id": null}, {"id": 344, "challenge_id": 12, "user_id": 25, "team_id": null}, {"id": 350, "challenge_id": 28, "user_id": 25, "team_id": null}, {"id": 352, "challenge_id": 29, "user_id": 25, "team_id": null}, {"id": 356, "challenge_id": 19, "user_id": 25, "team_id": null}, {"id": 357, "challenge_id": 20, "user_id": 25, "team_id": null}, {"id": 358, "challenge_id": 21, "user_id": 25, "team_id": null}, {"id": 364, "challenge_id": 22, "user_id": 25, "team_id": null}, {"id": 365, "challenge_id": 23, "user_id": 25, "team_id": null}, {"id": 368, "challenge_id": 13, "user_id": 25, "team_id": null}, {"id": 369, "challenge_id": 14, "user_id": 25, "team_id": null}, {"id": 370, "challenge_id": 18, "user_id": 25, "team_id": null}, {"id": 372, "challenge_id": 25, "user_id": 25, "team_id": null}, {"id": 373, "challenge_id": 32, "user_id": 25, "team_id": null}, {"id": 380, "challenge_id": 17, "user_id": 25, "team_id": null}, {"id": 386, "challenge_id": 15, "user_id": 25, "team_id": null}, {"id": 387, "challenge_id": 30, "user_id": 25, "team_id": null}, {"id": 388, "challenge_id": 31, "user_id": 25, "team_id": null}, {"id": 392, "challenge_id": 24, "user_id": 25, "team_id": null}, {"id": 395, "challenge_id": 26, "user_id": 25, "team_id": null}, {"id": 396, "challenge_id": 27, "user_id": 25, "team_id": null}], "meta": {}}