{"count": 30, "results": [{"id": 1, "oauth_id": null, "name": "PierreFrancoisWolfe", "password": "$bcrypt-sha256$2b,12$hloQg8RyNyMoN0d9OYmopO$lajMtCBGjV0XrylBavXQ0N/aL6WjIwS", "email": "pwolfe@bu.edu", "type": "admin", "secret": null, "website": null, "affiliation": null, "country": null, "bracket": null, "hidden": true, "banned": false, "verified": false, "team_id": null, "created": "2019-11-05T01:01:34.814815"}, {"id": 2, "oauth_id": null, "name": "JackBelmont", "password": "$bcrypt-sha256$2b,12$CHhYo5hnxNQ8A11hPaU03e$bZ383umoJED6FOXoeH3N8fJS7I1x2Ca", "email": "jbelmont@bu.edu", "type": "admin", "secret": null, "website": null, "affiliation": null, "country": null, "bracket": null, "hidden": true, "banned": false, "verified": false, "team_id": null, "created": "2019-11-06T15:28:05.535588"}, {"id": 3, "oauth_id": null, "name": "admin", "password": "$bcrypt-sha256$2b,12$beJgK7kKXQIXiul0IyRkle$.9ulnTzRI6pQL2Dck0pNPTnBWyNfP22", "email": "admin@example.com", "type": "admin", "secret": null, "website": null, "affiliation": null, "country": null, "bracket": null, "hidden": false, "banned": false, "verified": false, "team_id": null, "created": "2019-11-10T21:46:14.352135"}, {"id": 4, "oauth_id": null, "name": "MahaAshour", "password": "$bcrypt-sha256$2b,12$qKe9ALFyvMCHWYWiOoYd1O$YdhwdtPsnAW8gQ/9yHhN8IDmqnE6Ha.", "email": "mash@bu.edu", "type": "admin", "secret": null, "website": null, "affiliation": null, "country": null, "bracket": null, "hidden": true, "banned": false, "verified": false, "team_id": null, "created": "2019-11-10T22:42:28.928997"}, {"id": 5, "oauth_id": null, "name": "mashmash", "password": "$bcrypt-sha256$2b,12$XTFQsb8gKujihU49JIXBIe$Eu2Rd.zmCH24BzNvaVjdCvqzQDpmuZu", "email": "maha.m.ashour@gmail.com", "type": "user", "secret": null, "website": null, "affiliation": null, "country": null, "bracket": null, "hidden": true, "banned": false, "verified": false, "team_id": null, "created": "2019-12-05T13:20:01.348559"}, {"id": 6, "oauth_id": null, "name": "KaitlinWalsh", "password": "$bcrypt-sha256$2b,12$fSbxnlJSVPGs06IcMN8Iwu$NBL7pISmIGb0a031XFp9Jgzokd6wDUu", "email": "klwalsh@bu.edu", "type": "user", "secret": null, "website": null, "affiliation": null, "country": null, "bracket": null, "hidden": false, "banned": false, "verified": false, "team_id": null, "created": "2019-12-05T13:52:13.785770"}, {"id": 7, "oauth_id": null, "name": "yaying", "password": "$bcrypt-sha256$2b,12$VVMjKUAxiV3BGKMErlAToe$6W9sq2VHyRpfO8r8pe8D09hMR7ZuKCm", "email": "yyzheng@bu.edu", "type": "user", "secret": null, "website": null, "affiliation": null, "country": null, "bracket": null, "hidden": false, "banned": false, "verified": false, "team_id": null, "created": "2019-12-05T14:03:02.006269"}, {"id": 8, "oauth_id": null, "name": "HongyuPan", "password": "$bcrypt-sha256$2b,12$dmCBuOqjQe4aEoUTLHM7M.$OEnknFFNF2qRa1Yy4vgXVkHlQYBDXaS", "email": "phy25@bu.edu", "type": "user", "secret": null, "website": null, "affiliation": null, "country": null, "bracket": null, "hidden": false, "banned": false, "verified": false, "team_id": null, "created": "2019-12-05T14:03:15.038219"}, {"id": 9, "oauth_id": null, "name": "AshleyCui", "password": "$bcrypt-sha256$2b,12$n4z2U8R5jtIvpAtSaePfd.$0UhlskeS5CefcLP.sbBWKmHWZXH20d6", "email": "acui16@bu.edu", "type": "user", "secret": null, "website": null, "affiliation": null, "country": null, "bracket": null, "hidden": false, "banned": false, "verified": false, "team_id": null, "created": "2019-12-05T14:03:50.044981"}, {"id": 10, "oauth_id": null, "name": "dreewb28", "password": "$bcrypt-sha256$2b,12$WxcHAKDc1GFw05mhxgeLwe$vpHkweeiFKZ3DSONaUEgeg/UjPjqhxy", "email": "drewb28@bu.edu", "type": "user", "secret": null, "website": null, "affiliation": null, "country": null, "bracket": null, "hidden": false, "banned": false, "verified": false, "team_id": null, "created": "2019-12-05T14:04:19.646962"}, {"id": 11, "oauth_id": null, "name": "harsh", "password": "$bcrypt-sha256$2b,12$Jq68W17IqMn5Xhby.qq7T.$wvfVlOmnLRj.tgasAxQydYZFGtQOu6G", "email": "hogoti@bu.edu", "type": "user", "secret": null, "website": null, "affiliation": null, "country": null, "bracket": null, "hidden": false, "banned": false, "verified": false, "team_id": null, "created": "2019-12-05T14:04:20.257660"}, {"id": 12, "oauth_id": null, "name": "GerardDevlin", "password": "$bcrypt-sha256$2b,12$U/0oxvHL.cWysbbL0WooCu$iJeFsL0nN1ihMaZ1zCBZ.5zmTLVG86W", "email": "gdevlin@bu.edu", "type": "user", "secret": null, "website": null, "affiliation": null, "country": null, "bracket": null, "hidden": false, "banned": false, "verified": false, "team_id": null, "created": "2019-12-05T14:04:26.113769"}, {"id": 13, "oauth_id": null, "name": "epm11", "password": "$bcrypt-sha256$2b,12$CTnuJ1DYSWTFxeCoIeYKwu$XDZ2zp.lbhHolUavbmpct0gNiy3s/be", "email": "epm11@bu.edu", "type": "user", "secret": null, "website": null, "affiliation": null, "country": null, "bracket": null, "hidden": false, "banned": false, "verified": false, "team_id": null, "created": "2019-12-05T14:04:57.888502"}, {"id": 14, "oauth_id": null, "name": "jadtay", "password": "$bcrypt-sha256$2b,12$wHXiWiqSQVgZe9aSOQg2Eu$FESP9Jfv9Lw5CYrHj1Ny2.gFtvlxTq.", "email": "jadtay@bu.edu", "type": "user", "secret": null, "website": null, "affiliation": null, "country": null, "bracket": null, "hidden": false, "banned": false, "verified": false, "team_id": null, "created": "2019-12-05T14:05:01.446019"}, {"id": 15, "oauth_id": null, "name": "jaggel", "password": "$bcrypt-sha256$2b,12$JXNkz5OC0HcSNfIF3UoEpO$cGaCqlU7/IKusK.XKKZUkyFomuSs.X2", "email": "jaggel@bu.edu", "type": "user", "secret": null, "website": null, "affiliation": null, "country": null, "bracket": null, "hidden": false, "banned": false, "verified": false, "team_id": null, "created": "2019-12-05T14:05:30.789177"}, {"id": 16, "oauth_id": null, "name": "rachid", "password": "$bcrypt-sha256$2b,12$dUbI1jORCsIToND4.LEhxO$1hUKh3aACFsX62h4IIgTX4o5r1EoiFu", "email": "rachidtt@bu.edu", "type": "user", "secret": null, "website": null, "affiliation": null, "country": null, "bracket": null, "hidden": false, "banned": false, "verified": false, "team_id": null, "created": "2019-12-05T14:06:21.021061"}, {"id": 17, "oauth_id": null, "name": "VarunMalikayil", "password": "$bcrypt-sha256$2b,12$Q8rU9IsRInPGP91YGeJWse$yZn3mwX6bBzboj9FB89CMG8Lt9w5hvC", "email": "varun271@bu.edu", "type": "user", "secret": null, "website": null, "affiliation": null, "country": null, "bracket": null, "hidden": false, "banned": false, "verified": false, "team_id": null, "created": "2019-12-05T14:07:30.270393"}, {"id": 18, "oauth_id": null, "name": "lucas", "password": "$bcrypt-sha256$2b,12$Ew.A1JHG7UGyHfh7Wb/B4.$UApnl8MKN0YyeOyNtorJdkqyaVgMnI2", "email": "abc@gmail.com", "type": "user", "secret": null, "website": null, "affiliation": null, "country": null, "bracket": null, "hidden": false, "banned": false, "verified": false, "team_id": null, "created": "2019-12-05T14:08:12.276835"}, {"id": 19, "oauth_id": null, "name": "trachten", "password": "$bcrypt-sha256$2b,12$mEiRkC5oeo9DPdJQM7SXO.$KzPXf8jyW/PlJSUYkRWKDfkdFkSiHyq", "email": "trachten@bu.edu", "type": "user", "secret": null, "website": null, "affiliation": null, "country": null, "bracket": null, "hidden": false, "banned": false, "verified": false, "team_id": null, "created": "2019-12-05T14:09:46.854169"}, {"id": 20, "oauth_id": null, "name": "CamMS", "password": "$bcrypt-sha256$2b,12$4NgjhgYxv833kRI6n.9poO$Sj2NGc2HyfVo6BiSXAwLaYAdx45Lu0i", "email": "csms@bu.edu", "type": "user", "secret": null, "website": null, "affiliation": null, "country": null, "bracket": null, "hidden": false, "banned": false, "verified": false, "team_id": null, "created": "2019-12-05T14:09:52.316576"}, {"id": 21, "oauth_id": null, "name": "Addison", "password": "$bcrypt-sha256$2b,12$zUJddB5SjPkxrhGxzlzuXu$LT0IUncYwhOLUE5cFD5z5UjGcgNNlrO", "email": "addison@bu.edu", "type": "user", "secret": null, "website": null, "affiliation": null, "country": null, "bracket": null, "hidden": false, "banned": false, "verified": false, "team_id": null, "created": "2019-12-05T14:10:09.792002"}, {"id": 22, "oauth_id": null, "name": "janorell", "password": "$bcrypt-sha256$2b,12$ciLbI.Ndsvx87V823iWdN.$GFZuoJMBTt7rOfQjdMyPpoYpY6za/Oi", "email": "janorell@bu.edu", "type": "user", "secret": null, "website": null, "affiliation": null, "country": null, "bracket": null, "hidden": false, "banned": false, "verified": false, "team_id": null, "created": "2019-12-05T14:10:20.018685"}, {"id": 23, "oauth_id": null, "name": "snevarez", "password": "$bcrypt-sha256$2b,12$04fI8FzyScq8MmjzPhiheu$GM9tXEXIHg.CBkHnTEWG2Mm01l99Tl2", "email": "snevarez@bu.edu", "type": "user", "secret": null, "website": null, "affiliation": null, "country": null, "bracket": null, "hidden": false, "banned": false, "verified": false, "team_id": null, "created": "2019-12-05T14:10:37.326789"}, {"id": 24, "oauth_id": null, "name": "lavizhao", "password": "$bcrypt-sha256$2b,12$ugAow/qZywHh3FNpvqCaUO$IIfdD2BfWJKsTykzb5X6sS5pM0lrn5q", "email": "lavizhao@bu.edu", "type": "user", "secret": null, "website": null, "affiliation": null, "country": null, "bracket": null, "hidden": false, "banned": false, "verified": false, "team_id": null, "created": "2019-12-05T14:10:48.061847"}, {"id": 25, "oauth_id": null, "name": "rjewing", "password": "$bcrypt-sha256$2b,12$ofJVZwSyizJmm0ZO52AY.O$./hFqbYxECFUR87Bw1Su9GzybqVmwlG", "email": "rjewing@bu.edu", "type": "user", "secret": null, "website": null, "affiliation": null, "country": null, "bracket": null, "hidden": false, "banned": false, "verified": false, "team_id": null, "created": "2019-12-05T14:10:57.811114"}, {"id": 26, "oauth_id": null, "name": "gxavier", "password": "$bcrypt-sha256$2b,12$XazyA.XYLVKD/MvgX4QdFu$DkD6MPEt73WgHR/1aSG1HcdeE5K9HLe", "email": "gxavier@bu.edu", "type": "user", "secret": null, "website": null, "affiliation": null, "country": null, "bracket": null, "hidden": false, "banned": false, "verified": false, "team_id": null, "created": "2019-12-05T14:13:07.237190"}, {"id": 27, "oauth_id": null, "name": "sdavis13", "password": "$bcrypt-sha256$2b,12$Wvky6lXUWWhvr6pMVXIjOu$yG7GulhQICY1Oj3OEqZmrewTmIu24z2", "email": "sdavis13@bu.edu", "type": "user", "secret": null, "website": null, "affiliation": null, "country": null, "bracket": null, "hidden": false, "banned": false, "verified": false, "team_id": null, "created": "2019-12-05T14:13:16.320878"}, {"id": 28, "oauth_id": null, "name": "panyum", "password": "$bcrypt-sha256$2b,12$nkZfXG6AhFLmrtHBAhBEU.$1at2htnF54p2Ebk0kvV65yg1YJACrz.", "email": "panyum@bu.edu", "type": "user", "secret": null, "website": null, "affiliation": null, "country": null, "bracket": null, "hidden": false, "banned": false, "verified": false, "team_id": null, "created": "2019-12-05T14:14:26.624129"}, {"id": 29, "oauth_id": null, "name": "ddel", "password": "$bcrypt-sha256$2b,12$Qwm5qLDvOVMwZYaAPyKhZ.$zdDMD7dVnkxzmVNzUkzDnh5SW5v4.Qu", "email": "ddel@bu.edu", "type": "user", "secret": null, "website": null, "affiliation": null, "country": null, "bracket": null, "hidden": false, "banned": false, "verified": false, "team_id": null, "created": "2019-12-05T14:14:53.453000"}, {"id": 30, "oauth_id": null, "name": "brianxu", "password": "$bcrypt-sha256$2b,12$qREYdmVZ1RvgDfIR2AWrRe$lpFDaoeXsV5AQVGARLgcNh.VprZGHBu", "email": "brianxu@bu.edu", "type": "user", "secret": null, "website": null, "affiliation": null, "country": null, "bracket": null, "hidden": false, "banned": false, "verified": false, "team_id": null, "created": "2019-12-05T14:16:07.430994"}], "meta": {}}